123 Main St, Anytown, USA
456 Oak Ave, Somewhere, USA
789 Pine Rd, Elsewhere, USA
321 Elm St, Anytown, USA
654 Maple Dr, Somewhere, USA
987 Cedar Ln, Nowhere, USA
147 Birch Blvd, Everywhere, USA
258 Spruce Ct, Anyplace, USA
369 Willow Way, Someplace, USA
741 Poplar Pl, Otherplace, USA
852 Ash Alley, Newtown, USA
963 Fir St, Oldtown, USA
159 Hemlock Rd, Uptown, USA
357 Juniper Ave, Downtown, USA
468 Redwood Dr, Midtown, USA
579 Sequoia Ln, Outtown, USA
680 Palm Blvd, Littletown, USA
791 Cypress Ct, Bigtown, USA
802 Magnolia Way, Smalltown, USA
913 Dogwood Pl, Tinytown, USA
